-- phpMyAdmin SQL Dump
-- version 5.0.2
-- https://www.phpmyadmin.net/
--
-- Host: 127.0.0.1
-- Generation Time: Nov 12, 2020 at 01:31 PM
-- Server version: 10.4.13-MariaDB
-- PHP Version: 7.4.8

SET SQL_MODE = "NO_AUTO_VALUE_ON_ZERO";
START TRANSACTION;
SET time_zone = "+00:00";


/*!40101 SET @OLD_CHARACTER_SET_CLIENT=@@CHARACTER_SET_CLIENT */;
/*!40101 SET @OLD_CHARACTER_SET_RESULTS=@@CHARACTER_SET_RESULTS */;
/*!40101 SET @OLD_COLLATION_CONNECTION=@@COLLATION_CONNECTION */;
/*!40101 SET NAMES utf8mb4 */;

--
-- Database: `hrm_dk`
--

-- --------------------------------------------------------

--
-- Table structure for table `addition`
--

CREATE TABLE `addition` (
  `addi_id` int(14) NOT NULL,
  `salary_id` int(14) NOT NULL,
  `basic` varchar(128) DEFAULT NULL,
  `medical` varchar(64) DEFAULT NULL,
  `house_rent` varchar(64) DEFAULT NULL,
  `conveyance` varchar(64) DEFAULT NULL
) ENGINE=InnoDB DEFAULT CHARSET=utf8;

--
-- Dumping data for table `addition`
--

INSERT INTO `addition` (`addi_id`, `salary_id`, `basic`, `medical`, `house_rent`, `conveyance`) VALUES
(1, 1, '25000', '0', '0', '0'),
(26, 26, '14000', '0', '0', '0'),
(31, 31, '', '0', '0', '0');

-- --------------------------------------------------------

--
-- Table structure for table `address`
--

CREATE TABLE `address` (
  `id` int(14) NOT NULL,
  `emp_id` varchar(64) DEFAULT NULL,
  `city` varchar(128) DEFAULT NULL,
  `country` varchar(128) DEFAULT NULL,
  `address` varchar(512) DEFAULT NULL,
  `type` enum('Present','Permanent') DEFAULT 'Present'
) ENGINE=InnoDB DEFAULT CHARSET=latin1;

-- --------------------------------------------------------

--
-- Table structure for table `assets`
--

CREATE TABLE `assets` (
  `ass_id` int(14) NOT NULL,
  `catid` varchar(14) NOT NULL,
  `ass_name` varchar(256) DEFAULT NULL,
  `ass_brand` varchar(128) DEFAULT NULL,
  `ass_model` varchar(256) DEFAULT NULL,
  `ass_code` varchar(256) DEFAULT NULL,
  `configuration` varchar(512) DEFAULT NULL,
  `purchasing_date` varchar(128) DEFAULT NULL,
  `ass_price` varchar(128) DEFAULT NULL,
  `ass_qty` varchar(64) DEFAULT NULL,
  `in_stock` varchar(64) DEFAULT NULL
) ENGINE=InnoDB DEFAULT CHARSET=utf8;

-- --------------------------------------------------------

--
-- Table structure for table `assets_category`
--

CREATE TABLE `assets_category` (
  `cat_id` int(14) NOT NULL,
  `cat_status` enum('ASSETS','LOGISTIC') NOT NULL DEFAULT 'ASSETS',
  `cat_name` varchar(256) DEFAULT NULL
) ENGINE=InnoDB DEFAULT CHARSET=utf8;

--
-- Dumping data for table `assets_category`
--

INSERT INTO `assets_category` (`cat_id`, `cat_status`, `cat_name`) VALUES
(1, 'ASSETS', 'TAB'),
(2, 'ASSETS', 'Computer'),
(3, 'ASSETS', 'Laptop'),
(4, 'LOGISTIC', 'tab');

-- --------------------------------------------------------

--
-- Table structure for table `assign_leave`
--

CREATE TABLE `assign_leave` (
  `id` int(14) NOT NULL,
  `app_id` varchar(11) NOT NULL,
  `emp_id` varchar(64) DEFAULT NULL,
  `type_id` int(14) NOT NULL,
  `day` varchar(256) DEFAULT NULL,
  `hour` varchar(255) NOT NULL,
  `total_day` varchar(64) DEFAULT NULL,
  `dateyear` varchar(64) DEFAULT NULL
) ENGINE=InnoDB DEFAULT CHARSET=utf8;

-- --------------------------------------------------------

--
-- Table structure for table `assign_task`
--

CREATE TABLE `assign_task` (
  `id` int(14) NOT NULL,
  `task_id` int(14) NOT NULL,
  `project_id` int(14) NOT NULL,
  `assign_user` varchar(64) DEFAULT NULL,
  `user_type` enum('Team Head','Collaborators') NOT NULL DEFAULT 'Collaborators'
) ENGINE=InnoDB DEFAULT CHARSET=utf8;

-- --------------------------------------------------------

--
-- Table structure for table `attendance`
--

CREATE TABLE `attendance` (
  `id` int(14) NOT NULL,
  `emp_id` varchar(64) DEFAULT NULL,
  `atten_date` varchar(64) DEFAULT NULL,
  `signin_time` time DEFAULT NULL,
  `signout_time` time DEFAULT NULL,
  `working_hour` varchar(64) DEFAULT NULL,
  `place` varchar(255) NOT NULL,
  `absence` varchar(128) DEFAULT NULL,
  `overtime` varchar(128) DEFAULT NULL,
  `earnleave` varchar(128) DEFAULT NULL,
  `status` varchar(64) DEFAULT NULL
) ENGINE=InnoDB DEFAULT CHARSET=utf8;

-- --------------------------------------------------------

--
-- Table structure for table `bank_info`
--

CREATE TABLE `bank_info` (
  `id` int(14) NOT NULL,
  `em_id` varchar(64) DEFAULT NULL,
  `holder_name` varchar(256) DEFAULT NULL,
  `bank_name` varchar(256) DEFAULT NULL,
  `branch_name` varchar(256) DEFAULT NULL,
  `account_number` varchar(256) DEFAULT NULL,
  `ifsc` varchar(256) DEFAULT NULL
) ENGINE=InnoDB DEFAULT CHARSET=utf8;

-- --------------------------------------------------------

--
-- Table structure for table `clients`
--

CREATE TABLE `clients` (
  `id` int(11) NOT NULL,
  `name` varchar(100) NOT NULL,
  `address` varchar(500) DEFAULT NULL,
  `contact_no` varchar(50) NOT NULL,
  `email` varchar(100) DEFAULT NULL,
  `gst_no` varchar(100) DEFAULT NULL,
  `remarks` text DEFAULT NULL,
  `created_at` timestamp NOT NULL DEFAULT current_timestamp(),
  `updated_at` timestamp NOT NULL DEFAULT current_timestamp(),
  `status` varchar(50) DEFAULT NULL
) ENGINE=InnoDB DEFAULT CHARSET=utf8mb4;

--
-- Dumping data for table `clients`
--

INSERT INTO `clients` (`id`, `name`, `address`, `contact_no`, `email`, `gst_no`, `remarks`, `created_at`, `updated_at`, `status`) VALUES
(1, 'The Digital Ox', 'Budhapara,Raipur', '9879878978', 'dssv@tdo.com', '', '', '2020-10-22 12:03:15', '2020-10-28 05:56:50', NULL),
(2, 'Cluebix', '', '7899879877', 'sdad@sfs.xd', '', '', '2020-10-28 05:26:34', '2020-10-28 05:26:34', NULL);

-- --------------------------------------------------------

--
-- Table structure for table `deduction`
--

CREATE TABLE `deduction` (
  `de_id` int(14) NOT NULL,
  `salary_id` int(14) NOT NULL,
  `provident_fund` varchar(64) DEFAULT NULL,
  `bima` varchar(64) DEFAULT NULL,
  `tax` varchar(64) DEFAULT NULL,
  `others` varchar(64) DEFAULT NULL
) ENGINE=InnoDB DEFAULT CHARSET=utf8;

--
-- Dumping data for table `deduction`
--

INSERT INTO `deduction` (`de_id`, `salary_id`, `provident_fund`, `bima`, `tax`, `others`) VALUES
(1, 1, '0', '0', '0', '0'),
(26, 26, '0', '0', '0', '0'),
(30, 31, '0', '0', '0', '0');

-- --------------------------------------------------------

--
-- Table structure for table `department`
--

CREATE TABLE `department` (
  `id` int(11) NOT NULL,
  `dep_name` varchar(64) NOT NULL
) ENGINE=InnoDB DEFAULT CHARSET=latin1;

--
-- Dumping data for table `department`
--

INSERT INTO `department` (`id`, `dep_name`) VALUES
(2, 'Administration'),
(5, 'Development'),
(9, 'Design'),
(10, 'News');

-- --------------------------------------------------------

--
-- Table structure for table `desciplinary`
--

CREATE TABLE `desciplinary` (
  `id` int(14) NOT NULL,
  `em_id` varchar(64) DEFAULT NULL,
  `action` varchar(256) DEFAULT NULL,
  `title` varchar(256) DEFAULT NULL,
  `description` varchar(512) DEFAULT NULL
) ENGINE=InnoDB DEFAULT CHARSET=utf8;

-- --------------------------------------------------------

--
-- Table structure for table `designation`
--

CREATE TABLE `designation` (
  `id` int(11) NOT NULL,
  `des_name` varchar(64) NOT NULL
) ENGINE=InnoDB DEFAULT CHARSET=latin1;

--
-- Dumping data for table `designation`
--

INSERT INTO `designation` (`id`, `des_name`) VALUES
(3, 'Chief Executive Officer (CEO)'),
(13, 'Web Developer'),
(15, 'News Editor'),
(16, 'Graphics designer'),
(17, 'Content Manager');

-- --------------------------------------------------------

--
-- Table structure for table `earned_leave`
--

CREATE TABLE `earned_leave` (
  `id` int(14) NOT NULL,
  `em_id` varchar(64) DEFAULT NULL,
  `present_date` varchar(64) DEFAULT NULL,
  `hour` varchar(64) DEFAULT NULL,
  `status` varchar(64) DEFAULT NULL
) ENGINE=InnoDB DEFAULT CHARSET=utf8;

--
-- Dumping data for table `earned_leave`
--

INSERT INTO `earned_leave` (`id`, `em_id`, `present_date`, `hour`, `status`) VALUES
(26, 'Mir1685', '0', '0', '1'),
(27, 'Rah1682', '0', '0', '1'),
(28, 'edr1432', '0', '0', '1');

-- --------------------------------------------------------

--
-- Table structure for table `education`
--

CREATE TABLE `education` (
  `id` int(11) NOT NULL,
  `emp_id` varchar(128) DEFAULT NULL,
  `edu_type` varchar(256) DEFAULT NULL,
  `institute` varchar(256) DEFAULT NULL,
  `result` varchar(64) DEFAULT NULL,
  `year` varchar(64) DEFAULT NULL
) ENGINE=InnoDB DEFAULT CHARSET=latin1;

-- --------------------------------------------------------

--
-- Table structure for table `employee`
--

CREATE TABLE `employee` (
  `id` int(11) NOT NULL,
  `em_id` varchar(64) DEFAULT NULL,
  `em_code` varchar(64) DEFAULT NULL,
  `des_id` int(11) DEFAULT NULL,
  `dep_id` int(11) DEFAULT NULL,
  `first_name` varchar(128) DEFAULT NULL,
  `last_name` varchar(128) DEFAULT NULL,
  `em_email` varchar(64) DEFAULT NULL,
  `em_password` varchar(512) NOT NULL,
  `em_role` enum('ADMIN','EMPLOYEE','SUPER ADMIN') NOT NULL DEFAULT 'EMPLOYEE',
  `em_address` varchar(512) DEFAULT NULL,
  `status` enum('ACTIVE','INACTIVE') NOT NULL DEFAULT 'ACTIVE',
  `em_gender` enum('Male','Female') NOT NULL DEFAULT 'Male',
  `em_phone` varchar(64) DEFAULT NULL,
  `em_birthday` varchar(128) DEFAULT NULL,
  `em_blood_group` enum('O+','O-','A+','A-','B+','B-','AB+','OB+') DEFAULT NULL,
  `em_joining_date` varchar(128) DEFAULT NULL,
  `em_contact_end` varchar(128) DEFAULT NULL,
  `em_image` varchar(128) DEFAULT NULL,
  `em_nid` varchar(64) DEFAULT NULL
) ENGINE=InnoDB DEFAULT CHARSET=latin1;

--
-- Dumping data for table `employee`
--

INSERT INTO `employee` (`id`, `em_id`, `em_code`, `des_id`, `dep_id`, `first_name`, `last_name`, `em_email`, `em_password`, `em_role`, `em_address`, `status`, `em_gender`, `em_phone`, `em_birthday`, `em_blood_group`, `em_joining_date`, `em_contact_end`, `em_image`, `em_nid`) VALUES
(36, 'Adm1106', '123456', 2, 2, 'Admin', 'DK HRM', 'admin@gmail.com', 'cd5ea73cd58f827fa78eef7197b8ee606c99b2e6', 'ADMIN', NULL, 'ACTIVE', 'Male', '8888888888', '2019-02-13', 'O+', '2019-02-15', '2019-02-22', 'Doe1753.jpg', '01253568955555'),
(38, 'Agr1106', '', 13, 5, 'Ankur', 'Agrawal', 'ankur.agr32@gmail.com', '7c4a8d09ca3762af61e59520943dc26494f8941b', 'EMPLOYEE', NULL, 'ACTIVE', 'Male', '8871192502', '1994-02-18', 'O+', '2019-09-03', '', NULL, NULL),
(43, 'ff1308', '', 13, 9, 'latest', 'ff', 'as@dfsg.sdfds', '', 'EMPLOYEE', NULL, 'ACTIVE', 'Male', '9876546784', '2020-10-16', '', '', '', NULL, NULL);

-- --------------------------------------------------------

--
-- Table structure for table `employee_file`
--

CREATE TABLE `employee_file` (
  `id` int(14) NOT NULL,
  `em_id` varchar(64) DEFAULT NULL,
  `file_title` varchar(512) DEFAULT NULL,
  `file_url` varchar(512) DEFAULT NULL
) ENGINE=InnoDB DEFAULT CHARSET=utf8;

-- --------------------------------------------------------

--
-- Table structure for table `emp_assets`
--

CREATE TABLE `emp_assets` (
  `id` int(11) NOT NULL,
  `emp_id` int(11) NOT NULL,
  `assets_id` int(11) NOT NULL,
  `given_date` date NOT NULL,
  `return_date` date NOT NULL
) ENGINE=InnoDB DEFAULT CHARSET=utf8;

-- --------------------------------------------------------

--
-- Table structure for table `emp_experience`
--

CREATE TABLE `emp_experience` (
  `id` int(14) NOT NULL,
  `emp_id` varchar(256) DEFAULT NULL,
  `exp_company` varchar(128) DEFAULT NULL,
  `exp_com_position` varchar(128) DEFAULT NULL,
  `exp_com_address` varchar(128) DEFAULT NULL,
  `exp_workduration` varchar(128) DEFAULT NULL
) ENGINE=InnoDB DEFAULT CHARSET=utf8;

-- --------------------------------------------------------

--
-- Table structure for table `emp_leave`
--

CREATE TABLE `emp_leave` (
  `id` int(11) NOT NULL,
  `em_id` varchar(64) DEFAULT NULL,
  `typeid` int(14) NOT NULL,
  `leave_type` varchar(64) DEFAULT NULL,
  `start_date` varchar(64) DEFAULT NULL,
  `end_date` varchar(64) DEFAULT NULL,
  `leave_duration` varchar(128) DEFAULT NULL,
  `apply_date` varchar(64) DEFAULT NULL,
  `reason` varchar(1024) DEFAULT NULL,
  `leave_status` enum('Approve','Not Approve','Rejected') NOT NULL DEFAULT 'Not Approve'
) ENGINE=InnoDB DEFAULT CHARSET=latin1;

-- --------------------------------------------------------

--
-- Table structure for table `emp_penalty`
--

CREATE TABLE `emp_penalty` (
  `id` int(11) NOT NULL,
  `emp_id` int(11) NOT NULL,
  `penalty_id` int(11) NOT NULL,
  `penalty_desc` text DEFAULT NULL
) ENGINE=InnoDB DEFAULT CHARSET=utf8;

-- --------------------------------------------------------

--
-- Table structure for table `emp_salary`
--

CREATE TABLE `emp_salary` (
  `id` int(11) NOT NULL,
  `emp_id` varchar(64) DEFAULT NULL,
  `type_id` int(11) NOT NULL,
  `total` varchar(64) DEFAULT NULL
) ENGINE=InnoDB DEFAULT CHARSET=utf8;

--
-- Dumping data for table `emp_salary`
--

INSERT INTO `emp_salary` (`id`, `emp_id`, `type_id`, `total`) VALUES
(1, 'Adm1106', 1, '25000'),
(26, 'Agr1106', 1, '14000'),
(31, 'ff1308', 1, '');

-- --------------------------------------------------------

--
-- Table structure for table `emp_training`
--

CREATE TABLE `emp_training` (
  `id` int(11) NOT NULL,
  `trainig_id` int(11) NOT NULL,
  `emp_id` int(11) NOT NULL
) ENGINE=InnoDB DEFAULT CHARSET=utf8;

-- --------------------------------------------------------

--
-- Table structure for table `field_visit`
--

CREATE TABLE `field_visit` (
  `id` int(14) NOT NULL,
  `project_id` varchar(256) NOT NULL,
  `emp_id` varchar(64) DEFAULT NULL,
  `field_location` varchar(512) NOT NULL,
  `start_date` varchar(64) DEFAULT NULL,
  `approx_end_date` varchar(28) NOT NULL,
  `total_days` varchar(64) DEFAULT NULL,
  `notes` varchar(500) NOT NULL,
  `actual_return_date` varchar(28) NOT NULL,
  `status` enum('Approved','Not Approve','Rejected') NOT NULL DEFAULT 'Not Approve',
  `attendance_updated` varchar(11) NOT NULL
) ENGINE=InnoDB DEFAULT CHARSET=utf8;

-- --------------------------------------------------------

--
-- Table structure for table `holiday`
--

CREATE TABLE `holiday` (
  `id` int(11) NOT NULL,
  `holiday_name` varchar(256) DEFAULT NULL,
  `from_date` varchar(64) DEFAULT NULL,
  `to_date` varchar(64) DEFAULT NULL,
  `number_of_days` varchar(64) DEFAULT NULL,
  `year` varchar(64) DEFAULT NULL
) ENGINE=InnoDB DEFAULT CHARSET=utf8;

-- --------------------------------------------------------

--
-- Table structure for table `invoice`
--

CREATE TABLE `invoice` (
  `id` int(11) NOT NULL,
  `inv_no` varchar(150) NOT NULL,
  `client_id` int(11) NOT NULL,
  `inv_date` timestamp NOT NULL DEFAULT current_timestamp(),
  `sub_total` double NOT NULL,
  `gst` double NOT NULL DEFAULT 0,
  `total` double NOT NULL,
  `total_paid` double NOT NULL,
  `total_due` double NOT NULL,
  `remarks` varchar(500) NOT NULL,
  `is_deleted` tinyint(4) NOT NULL DEFAULT 0,
  `created_at` timestamp NOT NULL DEFAULT current_timestamp(),
  `updated_at` timestamp NOT NULL DEFAULT current_timestamp()
) ENGINE=InnoDB DEFAULT CHARSET=utf8mb4;

--
-- Dumping data for table `invoice`
--

INSERT INTO `invoice` (`id`, `inv_no`, `client_id`, `inv_date`, `sub_total`, `gst`, `total`, `total_paid`, `total_due`, `remarks`, `is_deleted`, `created_at`, `updated_at`) VALUES
(8, 'DS27102043', 1, '2020-10-26 18:30:00', 499, 0, 499, 0, 499, 'ye hai', 0, '2020-10-27 10:44:30', '2020-10-27 11:34:05');

-- --------------------------------------------------------

--
-- Table structure for table `invoice_item`
--

CREATE TABLE `invoice_item` (
  `id` int(11) NOT NULL,
  `invoice_id` int(11) NOT NULL,
  `item_id` int(11) NOT NULL,
  `descr` text DEFAULT NULL,
  `price` double NOT NULL,
  `qty` int(11) NOT NULL,
  `created_at` timestamp NOT NULL DEFAULT current_timestamp(),
  `updated_at` timestamp NOT NULL DEFAULT current_timestamp()
) ENGINE=InnoDB DEFAULT CHARSET=utf8mb4;

--
-- Dumping data for table `invoice_item`
--

INSERT INTO `invoice_item` (`id`, `invoice_id`, `item_id`, `descr`, `price`, `qty`, `created_at`, `updated_at`) VALUES
(27, 8, 1, 'sdrfgrfggrg', 499, 1, '2020-10-27 11:04:05', '2020-10-27 11:04:05'),
(28, 8, 3, '', 639, 0, '2020-10-27 11:04:05', '2020-10-27 11:04:05');

-- --------------------------------------------------------

--
-- Table structure for table `leave_types`
--

CREATE TABLE `leave_types` (
  `type_id` int(14) NOT NULL,
  `name` varchar(64) NOT NULL,
  `leave_day` varchar(255) NOT NULL,
  `status` tinyint(1) NOT NULL DEFAULT 1
) ENGINE=InnoDB DEFAULT CHARSET=latin1;

--
-- Dumping data for table `leave_types`
--

INSERT INTO `leave_types` (`type_id`, `name`, `leave_day`, `status`) VALUES
(1, 'Casual Leave', '21', 1),
(2, 'Sick Leave', '15', 1),
(3, 'Maternity Leave', '90', 1),
(4, 'Paternal Leave', '7', 1),
(5, 'Earned leave', '', 1),
(7, 'Public Holiday', '', 1),
(8, 'Optional Leave', '', 1),
(9, 'Leave without Pay', '', 1);

-- --------------------------------------------------------

--
-- Table structure for table `loan`
--

CREATE TABLE `loan` (
  `id` int(14) NOT NULL,
  `emp_id` varchar(256) DEFAULT NULL,
  `amount` varchar(256) DEFAULT NULL,
  `interest_percentage` varchar(256) DEFAULT NULL,
  `total_amount` varchar(64) DEFAULT NULL,
  `total_pay` varchar(64) DEFAULT NULL,
  `total_due` varchar(64) DEFAULT NULL,
  `installment` varchar(256) DEFAULT NULL,
  `loan_number` varchar(256) DEFAULT NULL,
  `loan_details` varchar(256) DEFAULT NULL,
  `approve_date` varchar(256) DEFAULT NULL,
  `install_period` varchar(256) DEFAULT NULL,
  `status` enum('Granted','Deny','Pause','Done') NOT NULL DEFAULT 'Pause'
) ENGINE=InnoDB DEFAULT CHARSET=utf8;

-- --------------------------------------------------------

--
-- Table structure for table `loan_installment`
--

CREATE TABLE `loan_installment` (
  `id` int(14) NOT NULL,
  `loan_id` int(14) NOT NULL,
  `emp_id` varchar(64) DEFAULT NULL,
  `loan_number` varchar(256) DEFAULT NULL,
  `install_amount` varchar(256) DEFAULT NULL,
  `pay_amount` varchar(64) DEFAULT NULL,
  `app_date` varchar(256) DEFAULT NULL,
  `receiver` varchar(256) DEFAULT NULL,
  `install_no` varchar(256) DEFAULT NULL,
  `notes` varchar(512) DEFAULT NULL
) ENGINE=InnoDB DEFAULT CHARSET=utf8;

--
-- Dumping data for table `loan_installment`
--

INSERT INTO `loan_installment` (`id`, `loan_id`, `emp_id`, `loan_number`, `install_amount`, `pay_amount`, `app_date`, `receiver`, `install_no`, `notes`) VALUES
(27, 33, 'Isl1385', '4008291', '5000', NULL, '2018-04-21', 'dsf dsf ds fds fdsf ds', '1', 'sf ds fsd fds fsd fdsf ds fsd'),
(28, 33, 'Isl1385', '4008291', '5000', NULL, '2018-04-04', 'dsdsff dsf ds f', '0', 'f dsfdsf dsfs'),
(29, 34, 'EMP1254478', '18194827', '5000', NULL, '2018-04-05', NULL, '4', NULL),
(30, 34, 'EMP1254478', '18194827', '5000', NULL, '2018-06-05', NULL, '3', NULL),
(31, 34, 'EMP1254478', '18194827', '5000', NULL, '2018-06-07', NULL, '2', NULL);

-- --------------------------------------------------------

--
-- Table structure for table `logistic_asset`
--

CREATE TABLE `logistic_asset` (
  `log_id` int(14) NOT NULL,
  `name` varchar(256) DEFAULT NULL,
  `qty` varchar(64) DEFAULT NULL,
  `entry_date` varchar(64) DEFAULT NULL
) ENGINE=InnoDB DEFAULT CHARSET=utf8;

--
-- Dumping data for table `logistic_asset`
--

INSERT INTO `logistic_asset` (`log_id`, `name`, `qty`, `entry_date`) VALUES
(1, 'Lubricant', '30', '12/25/17');

-- --------------------------------------------------------

--
-- Table structure for table `logistic_assign`
--

CREATE TABLE `logistic_assign` (
  `ass_id` int(14) NOT NULL,
  `asset_id` int(14) NOT NULL,
  `assign_id` varchar(64) DEFAULT NULL,
  `project_id` int(14) NOT NULL,
  `task_id` int(14) NOT NULL,
  `log_qty` varchar(64) DEFAULT NULL,
  `start_date` varchar(64) DEFAULT NULL,
  `end_date` varchar(64) DEFAULT NULL,
  `back_date` varchar(64) DEFAULT NULL,
  `back_qty` varchar(64) DEFAULT NULL,
  `remarks` varchar(512) DEFAULT NULL
) ENGINE=InnoDB DEFAULT CHARSET=utf8;

-- --------------------------------------------------------

--
-- Table structure for table `notice`
--

CREATE TABLE `notice` (
  `id` int(11) NOT NULL,
  `title` text CHARACTER SET utf8 COLLATE utf8_unicode_ci NOT NULL,
  `file_url` varchar(256) DEFAULT NULL,
  `date` varchar(64) DEFAULT NULL
) ENGINE=InnoDB DEFAULT CHARSET=latin1;

-- --------------------------------------------------------

--
-- Table structure for table `owner`
--

CREATE TABLE `owner` (
  `id` int(11) NOT NULL,
  `owner_name` varchar(64) NOT NULL,
  `owner_position` varchar(64) DEFAULT NULL,
  `note` int(11) DEFAULT NULL
) ENGINE=InnoDB DEFAULT CHARSET=latin1;

-- --------------------------------------------------------

--
-- Table structure for table `pay_salary`
--

CREATE TABLE `pay_salary` (
  `pay_id` int(14) NOT NULL,
  `emp_id` varchar(64) DEFAULT NULL,
  `type_id` int(14) NOT NULL,
  `month` varchar(64) DEFAULT NULL,
  `year` varchar(64) DEFAULT NULL,
  `paid_date` varchar(64) DEFAULT NULL,
  `total_days` varchar(64) DEFAULT NULL,
  `basic` varchar(64) DEFAULT NULL,
  `medical` varchar(64) DEFAULT NULL,
  `house_rent` varchar(64) DEFAULT NULL,
  `bonus` varchar(64) DEFAULT NULL,
  `bima` varchar(64) DEFAULT NULL,
  `tax` varchar(64) DEFAULT NULL,
  `provident_fund` varchar(64) DEFAULT NULL,
  `loan` varchar(64) DEFAULT NULL,
  `total_pay` varchar(128) DEFAULT NULL,
  `addition` int(128) NOT NULL,
  `diduction` int(128) NOT NULL,
  `status` enum('Paid','Process') DEFAULT 'Process',
  `paid_type` enum('Hand Cash','Bank') NOT NULL DEFAULT 'Bank'
) ENGINE=InnoDB DEFAULT CHARSET=utf8;

-- --------------------------------------------------------

--
-- Table structure for table `penalty`
--

CREATE TABLE `penalty` (
  `id` int(11) NOT NULL,
  `penalty_name` varchar(64) NOT NULL,
  `status` tinyint(1) NOT NULL DEFAULT 1
) ENGINE=InnoDB DEFAULT CHARSET=utf8;

-- --------------------------------------------------------

--
-- Table structure for table `project`
--

CREATE TABLE `project` (
  `id` int(14) NOT NULL,
  `pro_name` varchar(128) DEFAULT NULL,
  `pro_start_date` varchar(128) DEFAULT NULL,
  `pro_end_date` varchar(128) DEFAULT NULL,
  `pro_description` varchar(1024) DEFAULT NULL,
  `pro_summary` varchar(512) DEFAULT NULL,
  `pro_status` enum('upcoming','complete','running') NOT NULL DEFAULT 'running',
  `progress` varchar(128) DEFAULT NULL
) ENGINE=InnoDB DEFAULT CHARSET=latin1;

--
-- Dumping data for table `project`
--

INSERT INTO `project` (`id`, `pro_name`, `pro_start_date`, `pro_end_date`, `pro_description`, `pro_summary`, `pro_status`, `progress`) VALUES
(6, 'Bhukyra Agro', '2020-10-08', '2020-10-30', ' ryggrgregreg', 'grg', 'running', NULL);

-- --------------------------------------------------------

--
-- Table structure for table `project_file`
--

CREATE TABLE `project_file` (
  `id` int(14) NOT NULL,
  `pro_id` int(14) NOT NULL,
  `file_details` varchar(1028) DEFAULT NULL,
  `file_url` varchar(256) DEFAULT NULL,
  `assigned_to` varchar(64) DEFAULT NULL
) ENGINE=InnoDB DEFAULT CHARSET=utf8;

-- --------------------------------------------------------

--
-- Table structure for table `proposal`
--

CREATE TABLE `proposal` (
  `id` int(11) NOT NULL,
  `client_id` int(11) NOT NULL,
  `file_src` varchar(1000) NOT NULL,
  `descr` varchar(500) DEFAULT NULL,
  `status` varchar(50) NOT NULL DEFAULT 'SENT',
  `follow_up_date` timestamp NULL DEFAULT NULL,
  `created_at` timestamp NOT NULL DEFAULT current_timestamp(),
  `updated_at` timestamp NOT NULL DEFAULT current_timestamp()
) ENGINE=InnoDB DEFAULT CHARSET=utf8mb4;

--
-- Dumping data for table `proposal`
--

INSERT INTO `proposal` (`id`, `client_id`, `file_src`, `descr`, `status`, `follow_up_date`, `created_at`, `updated_at`) VALUES
(1, 2, 'facebook.webp', 'ter', 'SENT', '2020-10-30 18:30:00', '2020-10-28 07:18:31', '2020-10-28 07:18:31'),
(3, 1, 'whatsapp-updates.webp', '', 'SENT', '2020-10-27 18:30:00', '2020-10-28 09:05:53', '2020-10-28 09:05:53');

-- --------------------------------------------------------

--
-- Table structure for table `pro_expenses`
--

CREATE TABLE `pro_expenses` (
  `id` int(14) NOT NULL,
  `pro_id` int(14) NOT NULL,
  `assign_to` varchar(64) DEFAULT NULL,
  `details` varchar(512) DEFAULT NULL,
  `amount` varchar(256) DEFAULT NULL,
  `date` varchar(128) DEFAULT NULL
) ENGINE=InnoDB DEFAULT CHARSET=utf8;

-- --------------------------------------------------------

--
-- Table structure for table `pro_notes`
--

CREATE TABLE `pro_notes` (
  `id` int(14) NOT NULL,
  `assign_to` varchar(64) DEFAULT NULL,
  `pro_id` int(14) NOT NULL,
  `details` varchar(1024) DEFAULT NULL
) ENGINE=InnoDB DEFAULT CHARSET=utf8;

-- --------------------------------------------------------

--
-- Table structure for table `pro_task`
--

CREATE TABLE `pro_task` (
  `id` int(14) NOT NULL,
  `pro_id` int(14) NOT NULL,
  `task_title` varchar(256) DEFAULT NULL,
  `start_date` varchar(128) DEFAULT NULL,
  `end_date` varchar(128) DEFAULT NULL,
  `image` varchar(128) DEFAULT NULL,
  `description` varchar(2048) DEFAULT NULL,
  `task_type` enum('Office','Field') NOT NULL DEFAULT 'Office',
  `status` enum('running','complete','cancel') DEFAULT 'running',
  `location` varchar(512) DEFAULT NULL,
  `return_date` varchar(128) DEFAULT NULL,
  `total_days` varchar(128) DEFAULT NULL,
  `create_date` varchar(128) DEFAULT NULL,
  `approve_status` enum('Approved','Not Approve','Rejected') NOT NULL DEFAULT 'Not Approve'
) ENGINE=InnoDB DEFAULT CHARSET=utf8;

-- --------------------------------------------------------

--
-- Table structure for table `pro_task_assets`
--

CREATE TABLE `pro_task_assets` (
  `id` int(11) NOT NULL,
  `pro_task_id` int(11) NOT NULL,
  `assign_id` varchar(64) DEFAULT NULL
) ENGINE=InnoDB DEFAULT CHARSET=latin1;

-- --------------------------------------------------------

--
-- Table structure for table `quotations`
--

CREATE TABLE `quotations` (
  `id` int(11) NOT NULL,
  `quote_no` varchar(500) NOT NULL,
  `client_id` int(11) NOT NULL,
  `quote_date` timestamp NOT NULL DEFAULT current_timestamp(),
  `valid_till` timestamp NULL DEFAULT NULL,
  `sub_total` double NOT NULL,
  `gst` double NOT NULL DEFAULT 0,
  `discount` double NOT NULL DEFAULT 0,
  `total` double NOT NULL,
  `status` varchar(500) DEFAULT NULL,
  `remarks` varchar(500) DEFAULT NULL,
  `is_deleted` tinyint(4) NOT NULL DEFAULT 0,
  `created_at` timestamp NOT NULL DEFAULT current_timestamp(),
  `updated_at` timestamp NOT NULL DEFAULT current_timestamp()
) ENGINE=InnoDB DEFAULT CHARSET=utf8mb4;

--
-- Dumping data for table `quotations`
--

INSERT INTO `quotations` (`id`, `quote_no`, `client_id`, `quote_date`, `valid_till`, `sub_total`, `gst`, `discount`, `total`, `status`, `remarks`, `is_deleted`, `created_at`, `updated_at`) VALUES
(1, 'QDS28102001', 1, '2020-10-31 18:30:00', '2020-11-02 18:30:00', 42, 0, 0, 42, 'APPROVED', '', 1, '2020-10-28 10:34:07', '2020-10-30 07:34:08'),
(2, 'QDS29102062', 2, '2020-10-28 18:30:00', '2020-10-30 18:30:00', 1498, 0, 98, 1400, NULL, '', 0, '2020-10-29 11:12:46', '2020-10-29 11:12:46'),
(3, 'QDS30102085/V1', 1, '2020-10-30 18:30:00', '2020-11-03 18:30:00', 5100, 0, 500, 4600, 'APPROVED', 'Sent for web dev', 1, '2020-10-30 07:06:14', '2020-10-30 10:17:15');

-- --------------------------------------------------------

--
-- Table structure for table `quotation_item`
--

CREATE TABLE `quotation_item` (
  `id` int(11) NOT NULL,
  `quotation_id` int(11) NOT NULL,
  `item_id` int(11) NOT NULL,
  `descr` varchar(400) DEFAULT NULL,
  `price` double NOT NULL,
  `qty` int(11) NOT NULL DEFAULT 1,
  `created_at` timestamp NOT NULL DEFAULT current_timestamp(),
  `updated_at` timestamp NOT NULL DEFAULT current_timestamp()
) ENGINE=InnoDB DEFAULT CHARSET=utf8mb4;

--
-- Dumping data for table `quotation_item`
--

INSERT INTO `quotation_item` (`id`, `quotation_id`, `item_id`, `descr`, `price`, `qty`, `created_at`, `updated_at`) VALUES
(2, 2, 1, 'sdrfgrfggrg', 499, 1, '2020-10-29 11:12:46', '2020-10-29 11:12:46'),
(3, 2, 2, 'df dgervcxvxv', 999, 1, '2020-10-29 11:12:46', '2020-10-29 11:12:46'),
(4, 1, 1, 'Something', 1, 2, '2020-10-30 07:04:08', '2020-10-30 07:04:08'),
(5, 1, 1, 'sdrfgrfggrg', 2, 4, '2020-10-30 07:04:08', '2020-10-30 07:04:08'),
(6, 1, 2, 'df dgervcxvxv', 4, 8, '2020-10-30 07:04:08', '2020-10-30 07:04:08'),
(15, 3, 1, 'sdrfgrfggrg', 100, 1, '2020-10-30 09:47:15', '2020-10-30 09:47:15'),
(16, 3, 2, 'df dgervcxvxv', 500, 10, '2020-10-30 09:47:15', '2020-10-30 09:47:15');

-- --------------------------------------------------------

--
-- Table structure for table `salary_type`
--

CREATE TABLE `salary_type` (
  `id` int(14) NOT NULL,
  `salary_type` varchar(256) DEFAULT NULL,
  `create_date` varchar(256) DEFAULT NULL
) ENGINE=InnoDB DEFAULT CHARSET=utf8;

--
-- Dumping data for table `salary_type`
--

INSERT INTO `salary_type` (`id`, `salary_type`, `create_date`) VALUES
(1, 'Monthly', '2020-10-10'),
(2, 'Hourly', '2020-10-12'),
(5, 'Contract basis', '2020-10-12');

-- --------------------------------------------------------

--
-- Table structure for table `services`
--

CREATE TABLE `services` (
  `id` int(11) NOT NULL,
  `category_id` int(11) NOT NULL DEFAULT 0,
  `name` text NOT NULL,
  `short_descr` varchar(1000) DEFAULT NULL,
  `long_descr` text DEFAULT NULL,
  `price` varchar(100) NOT NULL,
  `is_active` tinyint(4) NOT NULL DEFAULT 1,
  `created_at` timestamp NOT NULL DEFAULT current_timestamp(),
  `updated_at` timestamp NOT NULL DEFAULT current_timestamp()
) ENGINE=InnoDB DEFAULT CHARSET=utf8mb4;

--
-- Dumping data for table `services`
--

INSERT INTO `services` (`id`, `category_id`, `name`, `short_descr`, `long_descr`, `price`, `is_active`, `created_at`, `updated_at`) VALUES
(1, 3, 'Web dev', 'sdrfgrfggrg', NULL, '499', 1, '2020-10-22 12:02:54', '2020-11-11 13:00:36'),
(3, 4, 'SEO Optimization', 'gdfg', NULL, '639', 1, '2020-10-23 10:21:27', '2020-11-12 06:05:44');

-- --------------------------------------------------------

--
-- Table structure for table `services_category`
--

CREATE TABLE `services_category` (
  `id` int(11) NOT NULL,
  `cname` varchar(500) NOT NULL,
  `created_at` timestamp NOT NULL DEFAULT current_timestamp(),
  `updated_at` timestamp NOT NULL DEFAULT current_timestamp()
) ENGINE=InnoDB DEFAULT CHARSET=utf8mb4;

--
-- Dumping data for table `services_category`
--

INSERT INTO `services_category` (`id`, `cname`, `created_at`, `updated_at`) VALUES
(3, 'dreg', '2020-11-11 12:30:01', '2020-11-11 12:30:01'),
(4, 'New category', '2020-11-12 05:35:26', '2020-11-12 05:35:26');

-- --------------------------------------------------------

--
-- Table structure for table `settings`
--

CREATE TABLE `settings` (
  `id` int(11) NOT NULL,
  `sitelogo` varchar(128) DEFAULT NULL,
  `company_name` varchar(100) NOT NULL,
  `sitetitle` varchar(256) DEFAULT NULL,
  `description` varchar(512) DEFAULT NULL,
  `copyright` varchar(128) DEFAULT NULL,
  `contact` varchar(128) DEFAULT NULL,
  `currency` varchar(128) DEFAULT NULL,
  `symbol` varchar(64) DEFAULT NULL,
  `system_email` varchar(128) DEFAULT NULL,
  `address` varchar(256) DEFAULT NULL,
  `address2` varchar(256) NOT NULL,
  `bank_name` varchar(200) DEFAULT NULL,
  `bank_acc_no` varchar(200) DEFAULT NULL,
  `bank_acc_name` varchar(200) DEFAULT NULL,
  `bank_ifsc` varchar(50) DEFAULT NULL,
  `bank_upi` varchar(100) NOT NULL
) ENGINE=InnoDB DEFAULT CHARSET=utf8;

--
-- Dumping data for table `settings`
--

INSERT INTO `settings` (`id`, `sitelogo`, `company_name`, `sitetitle`, `description`, `copyright`, `contact`, `currency`, `symbol`, `system_email`, `address`, `address2`, `bank_name`, `bank_acc_no`, `bank_acc_name`, `bank_ifsc`, `bank_upi`) VALUES
(1, 'dk-hrm.svg', 'Digikraft Social', 'HRM-Digikraft social', 'DigiKraft Social | DigiKraft Social is one of the best Digital Marketing agency in Raipur, Chattisgarh that deals with various services like Digital Marketing, Email Marketing, Content Marketing, SEO.', 'DigiKraft Social - Raipur (C.G.)', '9586696310', 'Rs.', '₹', 'digikraftsocial@gmail.com', ' ', ' Raipur (C.G.)', 'ICICI', '2771244359700', 'Digikraft social', 'ICICI072355', 'ddddddd@ddd');

-- --------------------------------------------------------

--
-- Table structure for table `social_media`
--

CREATE TABLE `social_media` (
  `id` int(14) NOT NULL,
  `emp_id` varchar(64) DEFAULT NULL,
  `facebook` varchar(256) DEFAULT NULL,
  `linkedin` varchar(256) DEFAULT NULL,
  `instagram` varchar(512) DEFAULT NULL,
  `skype_id` varchar(256) DEFAULT NULL
) ENGINE=InnoDB DEFAULT CHARSET=utf8;

--
-- Dumping data for table `social_media`
--

INSERT INTO `social_media` (`id`, `emp_id`, `facebook`, `linkedin`, `instagram`, `skype_id`) VALUES
(5, 'nam1390', '', '', '', ''),
(6, 'Agr1106', 'https://facebook.com/ankur32', '', '', '');

-- --------------------------------------------------------

--
-- Table structure for table `summary`
--

CREATE TABLE `summary` (
  `id` int(11) NOT NULL,
  `client_id` int(11) NOT NULL,
  `service_id` int(11) NOT NULL,
  `descr` varchar(500) DEFAULT NULL,
  `qty` int(11) NOT NULL DEFAULT 1,
  `is_billed` tinyint(4) NOT NULL DEFAULT 0,
  `created_at` timestamp NOT NULL DEFAULT current_timestamp(),
  `updated_at` timestamp NOT NULL DEFAULT current_timestamp()
) ENGINE=InnoDB DEFAULT CHARSET=utf8mb4;

--
-- Dumping data for table `summary`
--

INSERT INTO `summary` (`id`, `client_id`, `service_id`, `descr`, `qty`, `is_billed`, `created_at`, `updated_at`) VALUES
(1, 1, 1, 'cxsfgubnb', 1, 0, '2020-11-12 11:36:54', '2020-11-12 11:36:54'),
(2, 1, 3, 'xc98721dds 8 4r5fvf dvb56d4', 1, 0, '2020-11-12 11:36:54', '2020-11-12 11:36:54'),
(3, 2, 3, 'jejkmv tgt4 trhd 6954tgbhn', 1, 0, '2020-11-12 11:36:54', '2020-11-12 11:36:54');

-- --------------------------------------------------------

--
-- Table structure for table `to-do_list`
--

CREATE TABLE `to-do_list` (
  `id` int(14) NOT NULL,
  `user_id` varchar(64) DEFAULT NULL,
  `to_dodata` varchar(256) CHARACTER SET utf8 COLLATE utf8_unicode_ci DEFAULT NULL,
  `date` varchar(128) DEFAULT NULL,
  `value` varchar(14) DEFAULT NULL
) ENGINE=InnoDB DEFAULT CHARSET=utf8;

--
-- Indexes for dumped tables
--

--
-- Indexes for table `addition`
--
ALTER TABLE `addition`
  ADD PRIMARY KEY (`addi_id`);

--
-- Indexes for table `address`
--
ALTER TABLE `address`
  ADD PRIMARY KEY (`id`);

--
-- Indexes for table `assets`
--
ALTER TABLE `assets`
  ADD PRIMARY KEY (`ass_id`);

--
-- Indexes for table `assets_category`
--
ALTER TABLE `assets_category`
  ADD PRIMARY KEY (`cat_id`);

--
-- Indexes for table `assign_leave`
--
ALTER TABLE `assign_leave`
  ADD PRIMARY KEY (`id`);

--
-- Indexes for table `assign_task`
--
ALTER TABLE `assign_task`
  ADD PRIMARY KEY (`id`);

--
-- Indexes for table `attendance`
--
ALTER TABLE `attendance`
  ADD PRIMARY KEY (`id`);

--
-- Indexes for table `bank_info`
--
ALTER TABLE `bank_info`
  ADD PRIMARY KEY (`id`);

--
-- Indexes for table `clients`
--
ALTER TABLE `clients`
  ADD PRIMARY KEY (`id`);

--
-- Indexes for table `deduction`
--
ALTER TABLE `deduction`
  ADD PRIMARY KEY (`de_id`);

--
-- Indexes for table `department`
--
ALTER TABLE `department`
  ADD PRIMARY KEY (`id`);

--
-- Indexes for table `desciplinary`
--
ALTER TABLE `desciplinary`
  ADD PRIMARY KEY (`id`);

--
-- Indexes for table `designation`
--
ALTER TABLE `designation`
  ADD PRIMARY KEY (`id`);

--
-- Indexes for table `earned_leave`
--
ALTER TABLE `earned_leave`
  ADD PRIMARY KEY (`id`);

--
-- Indexes for table `education`
--
ALTER TABLE `education`
  ADD PRIMARY KEY (`id`);

--
-- Indexes for table `employee`
--
ALTER TABLE `employee`
  ADD PRIMARY KEY (`id`);

--
-- Indexes for table `employee_file`
--
ALTER TABLE `employee_file`
  ADD PRIMARY KEY (`id`);

--
-- Indexes for table `emp_assets`
--
ALTER TABLE `emp_assets`
  ADD PRIMARY KEY (`id`);

--
-- Indexes for table `emp_experience`
--
ALTER TABLE `emp_experience`
  ADD PRIMARY KEY (`id`);

--
-- Indexes for table `emp_leave`
--
ALTER TABLE `emp_leave`
  ADD PRIMARY KEY (`id`);

--
-- Indexes for table `emp_penalty`
--
ALTER TABLE `emp_penalty`
  ADD PRIMARY KEY (`id`);

--
-- Indexes for table `emp_salary`
--
ALTER TABLE `emp_salary`
  ADD PRIMARY KEY (`id`);

--
-- Indexes for table `field_visit`
--
ALTER TABLE `field_visit`
  ADD PRIMARY KEY (`id`);

--
-- Indexes for table `holiday`
--
ALTER TABLE `holiday`
  ADD PRIMARY KEY (`id`);

--
-- Indexes for table `invoice`
--
ALTER TABLE `invoice`
  ADD PRIMARY KEY (`id`);

--
-- Indexes for table `invoice_item`
--
ALTER TABLE `invoice_item`
  ADD PRIMARY KEY (`id`);

--
-- Indexes for table `leave_types`
--
ALTER TABLE `leave_types`
  ADD PRIMARY KEY (`type_id`);

--
-- Indexes for table `loan`
--
ALTER TABLE `loan`
  ADD PRIMARY KEY (`id`);

--
-- Indexes for table `loan_installment`
--
ALTER TABLE `loan_installment`
  ADD PRIMARY KEY (`id`);

--
-- Indexes for table `logistic_asset`
--
ALTER TABLE `logistic_asset`
  ADD PRIMARY KEY (`log_id`);

--
-- Indexes for table `logistic_assign`
--
ALTER TABLE `logistic_assign`
  ADD PRIMARY KEY (`ass_id`);

--
-- Indexes for table `notice`
--
ALTER TABLE `notice`
  ADD PRIMARY KEY (`id`);

--
-- Indexes for table `pay_salary`
--
ALTER TABLE `pay_salary`
  ADD PRIMARY KEY (`pay_id`);

--
-- Indexes for table `project`
--
ALTER TABLE `project`
  ADD PRIMARY KEY (`id`);

--
-- Indexes for table `project_file`
--
ALTER TABLE `project_file`
  ADD PRIMARY KEY (`id`);

--
-- Indexes for table `proposal`
--
ALTER TABLE `proposal`
  ADD PRIMARY KEY (`id`);

--
-- Indexes for table `pro_expenses`
--
ALTER TABLE `pro_expenses`
  ADD PRIMARY KEY (`id`);

--
-- Indexes for table `pro_notes`
--
ALTER TABLE `pro_notes`
  ADD PRIMARY KEY (`id`);

--
-- Indexes for table `pro_task`
--
ALTER TABLE `pro_task`
  ADD PRIMARY KEY (`id`);

--
-- Indexes for table `pro_task_assets`
--
ALTER TABLE `pro_task_assets`
  ADD PRIMARY KEY (`id`);

--
-- Indexes for table `quotations`
--
ALTER TABLE `quotations`
  ADD PRIMARY KEY (`id`);

--
-- Indexes for table `quotation_item`
--
ALTER TABLE `quotation_item`
  ADD PRIMARY KEY (`id`);

--
-- Indexes for table `salary_type`
--
ALTER TABLE `salary_type`
  ADD PRIMARY KEY (`id`);

--
-- Indexes for table `services`
--
ALTER TABLE `services`
  ADD PRIMARY KEY (`id`);

--
-- Indexes for table `services_category`
--
ALTER TABLE `services_category`
  ADD PRIMARY KEY (`id`);

--
-- Indexes for table `settings`
--
ALTER TABLE `settings`
  ADD PRIMARY KEY (`id`);

--
-- Indexes for table `social_media`
--
ALTER TABLE `social_media`
  ADD PRIMARY KEY (`id`);

--
-- Indexes for table `summary`
--
ALTER TABLE `summary`
  ADD PRIMARY KEY (`id`);

--
-- Indexes for table `to-do_list`
--
ALTER TABLE `to-do_list`
  ADD PRIMARY KEY (`id`);

--
-- AUTO_INCREMENT for dumped tables
--

--
-- AUTO_INCREMENT for table `addition`
--
ALTER TABLE `addition`
  MODIFY `addi_id` int(14) NOT NULL AUTO_INCREMENT, AUTO_INCREMENT=32;

--
-- AUTO_INCREMENT for table `address`
--
ALTER TABLE `address`
  MODIFY `id` int(14) NOT NULL AUTO_INCREMENT, AUTO_INCREMENT=31;

--
-- AUTO_INCREMENT for table `assets`
--
ALTER TABLE `assets`
  MODIFY `ass_id` int(14) NOT NULL AUTO_INCREMENT, AUTO_INCREMENT=19;

--
-- AUTO_INCREMENT for table `assets_category`
--
ALTER TABLE `assets_category`
  MODIFY `cat_id` int(14) NOT NULL AUTO_INCREMENT, AUTO_INCREMENT=5;

--
-- AUTO_INCREMENT for table `assign_leave`
--
ALTER TABLE `assign_leave`
  MODIFY `id` int(14) NOT NULL AUTO_INCREMENT, AUTO_INCREMENT=22;

--
-- AUTO_INCREMENT for table `assign_task`
--
ALTER TABLE `assign_task`
  MODIFY `id` int(14) NOT NULL AUTO_INCREMENT, AUTO_INCREMENT=34;

--
-- AUTO_INCREMENT for table `attendance`
--
ALTER TABLE `attendance`
  MODIFY `id` int(14) NOT NULL AUTO_INCREMENT, AUTO_INCREMENT=1012;

--
-- AUTO_INCREMENT for table `bank_info`
--
ALTER TABLE `bank_info`
  MODIFY `id` int(14) NOT NULL AUTO_INCREMENT, AUTO_INCREMENT=10;

--
-- AUTO_INCREMENT for table `clients`
--
ALTER TABLE `clients`
  MODIFY `id` int(11) NOT NULL AUTO_INCREMENT, AUTO_INCREMENT=3;

--
-- AUTO_INCREMENT for table `deduction`
--
ALTER TABLE `deduction`
  MODIFY `de_id` int(14) NOT NULL AUTO_INCREMENT, AUTO_INCREMENT=31;

--
-- AUTO_INCREMENT for table `department`
--
ALTER TABLE `department`
  MODIFY `id` int(11) NOT NULL AUTO_INCREMENT, AUTO_INCREMENT=11;

--
-- AUTO_INCREMENT for table `desciplinary`
--
ALTER TABLE `desciplinary`
  MODIFY `id` int(14) NOT NULL AUTO_INCREMENT, AUTO_INCREMENT=4;

--
-- AUTO_INCREMENT for table `designation`
--
ALTER TABLE `designation`
  MODIFY `id` int(11) NOT NULL AUTO_INCREMENT, AUTO_INCREMENT=18;

--
-- AUTO_INCREMENT for table `earned_leave`
--
ALTER TABLE `earned_leave`
  MODIFY `id` int(14) NOT NULL AUTO_INCREMENT, AUTO_INCREMENT=29;

--
-- AUTO_INCREMENT for table `education`
--
ALTER TABLE `education`
  MODIFY `id` int(11) NOT NULL AUTO_INCREMENT, AUTO_INCREMENT=22;

--
-- AUTO_INCREMENT for table `employee`
--
ALTER TABLE `employee`
  MODIFY `id` int(11) NOT NULL AUTO_INCREMENT, AUTO_INCREMENT=44;

--
-- AUTO_INCREMENT for table `employee_file`
--
ALTER TABLE `employee_file`
  MODIFY `id` int(14) NOT NULL AUTO_INCREMENT, AUTO_INCREMENT=11;

--
-- AUTO_INCREMENT for table `emp_assets`
--
ALTER TABLE `emp_assets`
  MODIFY `id` int(11) NOT NULL AUTO_INCREMENT;

--
-- AUTO_INCREMENT for table `emp_experience`
--
ALTER TABLE `emp_experience`
  MODIFY `id` int(14) NOT NULL AUTO_INCREMENT, AUTO_INCREMENT=21;

--
-- AUTO_INCREMENT for table `emp_leave`
--
ALTER TABLE `emp_leave`
  MODIFY `id` int(11) NOT NULL AUTO_INCREMENT, AUTO_INCREMENT=37;

--
-- AUTO_INCREMENT for table `emp_penalty`
--
ALTER TABLE `emp_penalty`
  MODIFY `id` int(11) NOT NULL AUTO_INCREMENT;

--
-- AUTO_INCREMENT for table `emp_salary`
--
ALTER TABLE `emp_salary`
  MODIFY `id` int(11) NOT NULL AUTO_INCREMENT, AUTO_INCREMENT=32;

--
-- AUTO_INCREMENT for table `field_visit`
--
ALTER TABLE `field_visit`
  MODIFY `id` int(14) NOT NULL AUTO_INCREMENT, AUTO_INCREMENT=24;

--
-- AUTO_INCREMENT for table `holiday`
--
ALTER TABLE `holiday`
  MODIFY `id` int(11) NOT NULL AUTO_INCREMENT, AUTO_INCREMENT=8;

--
-- AUTO_INCREMENT for table `invoice`
--
ALTER TABLE `invoice`
  MODIFY `id` int(11) NOT NULL AUTO_INCREMENT, AUTO_INCREMENT=9;

--
-- AUTO_INCREMENT for table `invoice_item`
--
ALTER TABLE `invoice_item`
  MODIFY `id` int(11) NOT NULL AUTO_INCREMENT, AUTO_INCREMENT=29;

--
-- AUTO_INCREMENT for table `leave_types`
--
ALTER TABLE `leave_types`
  MODIFY `type_id` int(14) NOT NULL AUTO_INCREMENT, AUTO_INCREMENT=10;

--
-- AUTO_INCREMENT for table `loan`
--
ALTER TABLE `loan`
  MODIFY `id` int(14) NOT NULL AUTO_INCREMENT, AUTO_INCREMENT=35;

--
-- AUTO_INCREMENT for table `loan_installment`
--
ALTER TABLE `loan_installment`
  MODIFY `id` int(14) NOT NULL AUTO_INCREMENT, AUTO_INCREMENT=32;

--
-- AUTO_INCREMENT for table `logistic_asset`
--
ALTER TABLE `logistic_asset`
  MODIFY `log_id` int(14) NOT NULL AUTO_INCREMENT, AUTO_INCREMENT=2;

--
-- AUTO_INCREMENT for table `logistic_assign`
--
ALTER TABLE `logistic_assign`
  MODIFY `ass_id` int(14) NOT NULL AUTO_INCREMENT, AUTO_INCREMENT=11;

--
-- AUTO_INCREMENT for table `notice`
--
ALTER TABLE `notice`
  MODIFY `id` int(11) NOT NULL AUTO_INCREMENT, AUTO_INCREMENT=5;

--
-- AUTO_INCREMENT for table `pay_salary`
--
ALTER TABLE `pay_salary`
  MODIFY `pay_id` int(14) NOT NULL AUTO_INCREMENT, AUTO_INCREMENT=43;

--
-- AUTO_INCREMENT for table `project`
--
ALTER TABLE `project`
  MODIFY `id` int(14) NOT NULL AUTO_INCREMENT, AUTO_INCREMENT=7;

--
-- AUTO_INCREMENT for table `project_file`
--
ALTER TABLE `project_file`
  MODIFY `id` int(14) NOT NULL AUTO_INCREMENT, AUTO_INCREMENT=3;

--
-- AUTO_INCREMENT for table `proposal`
--
ALTER TABLE `proposal`
  MODIFY `id` int(11) NOT NULL AUTO_INCREMENT, AUTO_INCREMENT=4;

--
-- AUTO_INCREMENT for table `pro_expenses`
--
ALTER TABLE `pro_expenses`
  MODIFY `id` int(14) NOT NULL AUTO_INCREMENT, AUTO_INCREMENT=4;

--
-- AUTO_INCREMENT for table `pro_notes`
--
ALTER TABLE `pro_notes`
  MODIFY `id` int(14) NOT NULL AUTO_INCREMENT, AUTO_INCREMENT=5;

--
-- AUTO_INCREMENT for table `pro_task`
--
ALTER TABLE `pro_task`
  MODIFY `id` int(14) NOT NULL AUTO_INCREMENT, AUTO_INCREMENT=15;

--
-- AUTO_INCREMENT for table `pro_task_assets`
--
ALTER TABLE `pro_task_assets`
  MODIFY `id` int(11) NOT NULL AUTO_INCREMENT;

--
-- AUTO_INCREMENT for table `quotations`
--
ALTER TABLE `quotations`
  MODIFY `id` int(11) NOT NULL AUTO_INCREMENT, AUTO_INCREMENT=4;

--
-- AUTO_INCREMENT for table `quotation_item`
--
ALTER TABLE `quotation_item`
  MODIFY `id` int(11) NOT NULL AUTO_INCREMENT, AUTO_INCREMENT=17;

--
-- AUTO_INCREMENT for table `salary_type`
--
ALTER TABLE `salary_type`
  MODIFY `id` int(14) NOT NULL AUTO_INCREMENT, AUTO_INCREMENT=6;

--
-- AUTO_INCREMENT for table `services`
--
ALTER TABLE `services`
  MODIFY `id` int(11) NOT NULL AUTO_INCREMENT, AUTO_INCREMENT=5;

--
-- AUTO_INCREMENT for table `services_category`
--
ALTER TABLE `services_category`
  MODIFY `id` int(11) NOT NULL AUTO_INCREMENT, AUTO_INCREMENT=5;

--
-- AUTO_INCREMENT for table `settings`
--
ALTER TABLE `settings`
  MODIFY `id` int(11) NOT NULL AUTO_INCREMENT, AUTO_INCREMENT=2;

--
-- AUTO_INCREMENT for table `social_media`
--
ALTER TABLE `social_media`
  MODIFY `id` int(14) NOT NULL AUTO_INCREMENT, AUTO_INCREMENT=7;

--
-- AUTO_INCREMENT for table `summary`
--
ALTER TABLE `summary`
  MODIFY `id` int(11) NOT NULL AUTO_INCREMENT, AUTO_INCREMENT=4;

--
-- AUTO_INCREMENT for table `to-do_list`
--
ALTER TABLE `to-do_list`
  MODIFY `id` int(14) NOT NULL AUTO_INCREMENT, AUTO_INCREMENT=40;
COMMIT;

/*!40101 SET CHARACTER_SET_CLIENT=@OLD_CHARACTER_SET_CLIENT */;
/*!40101 SET CHARACTER_SET_RESULTS=@OLD_CHARACTER_SET_RESULTS */;
/*!40101 SET COLLATION_CONNECTION=@OLD_COLLATION_CONNECTION */;
